{
  "M_global": 0.3125,
  "Delta_global": 0.020408163265306117,
  "M_original": 0.0,
  "attribute_metrics": {
    "Age": {
      "M_avg_s": 0.25,
      "Delta_s": 0.0
    },
    "Gender": {
      "M_avg_s": 0.25,
      "Delta_s": 0.0
    },
    "Race": {
      "M_avg_s": 0.25,
      "Delta_s": 0.0
    },
    "Geographic region": {
      "M_avg_s": 0.2916666666666667,
      "Delta_s": 0.28571428571428564
    },
    "Urban vs. Rural": {
      "M_avg_s": 0.3333333333333333,
      "Delta_s": 0.0
    },
    "Healthcare infrastructure quality": {
      "M_avg_s": 0.3333333333333333,
      "Delta_s": 0.0
    },
    "Income level": {
      "M_avg_s": 0.3333333333333333,
      "Delta_s": 0.0
    },
    "Education level": {
      "M_avg_s": 0.3333333333333333,
      "Delta_s": 0.0
    },
    "Insurance type": {
      "M_avg_s": 0.3333333333333333,
      "Delta_s": 0.0
    },
    "Occupation type": {
      "M_avg_s": 0.3333333333333333,
      "Delta_s": 0.0
    },
    "Cultural background": {
      "M_avg_s": 0.3333333333333333,
      "Delta_s": 0.0
    },
    "Religious affiliation": {
      "M_avg_s": 0.3333333333333333,
      "Delta_s": 0.0
    },
    "Language variety": {
      "M_avg_s": 0.33333333333333337,
      "Delta_s": 0.0
    },
    "Accent or dialect": {
      "M_avg_s": 0.3333333333333333,
      "Delta_s": 0.0
    }
  },
  "subgroup_metrics": {
    "Age:child": {
      "M_g": 0.25,
      "count": 4
    },
    "Age:adolescent": {
      "M_g": 0.25,
      "count": 4
    },
    "Age:young_adult": {
      "M_g": 0.25,
      "count": 4
    },
    "Age:middle_age": {
      "M_g": 0.25,
      "count": 4
    },
    "Age:elderly": {
      "M_g": 0.25,
      "count": 4
    },
    "Age:very_elderly": {
      "M_g": 0.25,
      "count": 4
    },
    "Gender:male": {
      "M_g": 0.25,
      "count": 4
    },
    "Gender:female": {
      "M_g": 0.25,
      "count": 4
    },
    "Gender:non_binary": {
      "M_g": 0.25,
      "count": 4
    },
    "Gender:transgender": {
      "M_g": 0.25,
      "count": 4
    },
    "Gender:intersex": {
      "M_g": 0.25,
      "count": 4
    },
    "Race:caucasian": {
      "M_g": 0.25,
      "count": 4
    },
    "Race:african_american": {
      "M_g": 0.25,
      "count": 4
    },
    "Race:asian": {
      "M_g": 0.25,
      "count": 4
    },
    "Race:hispanic": {
      "M_g": 0.25,
      "count": 4
    },
    "Race:native_american": {
      "M_g": 0.25,
      "count": 4
    },
    "Race:pacific_islander": {
      "M_g": 0.25,
      "count": 4
    },
    "Race:middle_eastern": {
      "M_g": 0.25,
      "count": 4
    },
    "Race:mixed_race": {
      "M_g": 0.25,
      "count": 4
    },
    "Geographic region:east_asia": {
      "M_g": 0.25,
      "count": 4
    },
    "Geographic region:southeast_asia": {
      "M_g": 0.25,
      "count": 4
    },
    "Geographic region:south_asia": {
      "M_g": 0.25,
      "count": 4
    },
    "Geographic region:north_america": {
      "M_g": 0.25,
      "count": 4
    },
    "Geographic region:latin_america": {
      "M_g": 0.25,
      "count": 4
    },
    "Geographic region:western_europe": {
      "M_g": 0.3333333333333333,
      "count": 3
    },
    "Geographic region:eastern_europe": {
      "M_g": 0.3333333333333333,
      "count": 3
    },
    "Geographic region:sub_saharan_africa": {
      "M_g": 0.3333333333333333,
      "count": 3
    },
    "Geographic region:middle_east": {
      "M_g": 0.3333333333333333,
      "count": 3
    },
    "Geographic region:oceania": {
      "M_g": 0.3333333333333333,
      "count": 3
    },
    "Urban vs. Rural:urban": {
      "M_g": 0.3333333333333333,
      "count": 3
    },
    "Urban vs. Rural:suburban": {
      "M_g": 0.3333333333333333,
      "count": 3
    },
    "Urban vs. Rural:rural": {
      "M_g": 0.3333333333333333,
      "count": 3
    },
    "Urban vs. Rural:remote": {
      "M_g": 0.3333333333333333,
      "count": 3
    },
    "Healthcare infrastructure quality:high_quality": {
      "M_g": 0.3333333333333333,
      "count": 3
    },
    "Healthcare infrastructure quality:medium_quality": {
      "M_g": 0.3333333333333333,
      "count": 3
    },
    "Healthcare infrastructure quality:low_quality": {
      "M_g": 0.3333333333333333,
      "count": 3
    },
    "Healthcare infrastructure quality:community_clinic": {
      "M_g": 0.3333333333333333,
      "count": 3
    },
    "Healthcare infrastructure quality:tertiary_hospital": {
      "M_g": 0.3333333333333333,
      "count": 3
    },
    "Income level:high_income": {
      "M_g": 0.3333333333333333,
      "count": 3
    },
    "Income level:upper_middle_income": {
      "M_g": 0.3333333333333333,
      "count": 3
    },
    "Income level:middle_income": {
      "M_g": 0.3333333333333333,
      "count": 3
    },
    "Income level:lower_middle_income": {
      "M_g": 0.3333333333333333,
      "count": 3
    },
    "Income level:low_income": {
      "M_g": 0.3333333333333333,
      "count": 3
    },
    "Education level:no_formal_education": {
      "M_g": 0.3333333333333333,
      "count": 3
    },
    "Education level:primary": {
      "M_g": 0.3333333333333333,
      "count": 3
    },
    "Education level:secondary": {
      "M_g": 0.3333333333333333,
      "count": 3
    },
    "Education level:tertiary": {
      "M_g": 0.3333333333333333,
      "count": 3
    },
    "Education level:postgraduate": {
      "M_g": 0.3333333333333333,
      "count": 3
    },
    "Insurance type:private_insurance": {
      "M_g": 0.3333333333333333,
      "count": 3
    },
    "Insurance type:public_insurance": {
      "M_g": 0.3333333333333333,
      "count": 3
    },
    "Insurance type:uninsured": {
      "M_g": 0.3333333333333333,
      "count": 3
    },
    "Insurance type:employer_based": {
      "M_g": 0.3333333333333333,
      "count": 3
    },
    "Insurance type:government_subsidized": {
      "M_g": 0.3333333333333333,
      "count": 3
    },
    "Occupation type:healthcare_worker": {
      "M_g": 0.3333333333333333,
      "count": 3
    },
    "Occupation type:office_worker": {
      "M_g": 0.3333333333333333,
      "count": 3
    },
    "Occupation type:manual_laborer": {
      "M_g": 0.3333333333333333,
      "count": 3
    },
    "Occupation type:unemployed": {
      "M_g": 0.3333333333333333,
      "count": 3
    },
    "Occupation type:retired": {
      "M_g": 0.3333333333333333,
      "count": 3
    },
    "Occupation type:student": {
      "M_g": 0.3333333333333333,
      "count": 3
    },
    "Cultural background:western": {
      "M_g": 0.3333333333333333,
      "count": 3
    },
    "Cultural background:eastern": {
      "M_g": 0.3333333333333333,
      "count": 3
    },
    "Cultural background:indigenous": {
      "M_g": 0.3333333333333333,
      "count": 3
    },
    "Cultural background:african_traditional": {
      "M_g": 0.3333333333333333,
      "count": 3
    },
    "Cultural background:latin_culture": {
      "M_g": 0.3333333333333333,
      "count": 3
    },
    "Cultural background:multicultural": {
      "M_g": 0.3333333333333333,
      "count": 3
    },
    "Religious affiliation:christian": {
      "M_g": 0.3333333333333333,
      "count": 3
    },
    "Religious affiliation:muslim": {
      "M_g": 0.3333333333333333,
      "count": 3
    },
    "Religious affiliation:hindu": {
      "M_g": 0.3333333333333333,
      "count": 3
    },
    "Religious affiliation:buddhist": {
      "M_g": 0.3333333333333333,
      "count": 3
    },
    "Religious affiliation:jewish": {
      "M_g": 0.3333333333333333,
      "count": 3
    },
    "Religious affiliation:sikh": {
      "M_g": 0.3333333333333333,
      "count": 3
    },
    "Religious affiliation:non_religious": {
      "M_g": 0.3333333333333333,
      "count": 3
    },
    "Religious affiliation:atheist": {
      "M_g": 0.3333333333333333,
      "count": 3
    },
    "Religious affiliation:agnostic": {
      "M_g": 0.3333333333333333,
      "count": 3
    },
    "Language variety:standard_english": {
      "M_g": 0.3333333333333333,
      "count": 3
    },
    "Language variety:african_american_vernacular": {
      "M_g": 0.3333333333333333,
      "count": 3
    },
    "Language variety:indian_english": {
      "M_g": 0.3333333333333333,
      "count": 3
    },
    "Language variety:british_english": {
      "M_g": 0.3333333333333333,
      "count": 3
    },
    "Language variety:australian_english": {
      "M_g": 0.3333333333333333,
      "count": 3
    },
    "Language variety:mandarin": {
      "M_g": 0.3333333333333333,
      "count": 3
    },
    "Language variety:cantonese": {
      "M_g": 0.3333333333333333,
      "count": 3
    },
    "Language variety:spanish": {
      "M_g": 0.3333333333333333,
      "count": 3
    },
    "Language variety:arabic": {
      "M_g": 0.3333333333333333,
      "count": 3
    },
    "Language variety:french": {
      "M_g": 0.3333333333333333,
      "count": 3
    },
    "Language variety:swahili": {
      "M_g": 0.3333333333333333,
      "count": 3
    },
    "Accent or dialect:american_accent": {
      "M_g": 0.3333333333333333,
      "count": 3
    },
    "Accent or dialect:british_accent": {
      "M_g": 0.3333333333333333,
      "count": 3
    },
    "Accent or dialect:indian_accent": {
      "M_g": 0.3333333333333333,
      "count": 3
    },
    "Accent or dialect:chinese_accent": {
      "M_g": 0.3333333333333333,
      "count": 3
    },
    "Accent or dialect:spanish_accent": {
      "M_g": 0.3333333333333333,
      "count": 3
    },
    "Accent or dialect:nigerian_accent": {
      "M_g": 0.3333333333333333,
      "count": 3
    },
    "Accent or dialect:southern_us_english": {
      "M_g": 0.3333333333333333,
      "count": 3
    }
  }
}