{
  "overall_accuracy": 0.24224224224224225,
  "per_subgroup_stats": {
    "Age:child": {
      "acc": 0.18181818181818182,
      "count": 11
    },
    "Age:adolescent": {
      "acc": 0.18181818181818182,
      "count": 11
    },
    "Age:young_adult": {
      "acc": 0.18181818181818182,
      "count": 11
    },
    "Age:middle_age": {
      "acc": 0.2727272727272727,
      "count": 11
    },
    "Age:elderly": {
      "acc": 0.09090909090909091,
      "count": 11
    },
    "Age:very_elderly": {
      "acc": 0.18181818181818182,
      "count": 11
    },
    "Gender:male": {
      "acc": 0.2727272727272727,
      "count": 11
    },
    "Gender:female": {
      "acc": 0.2727272727272727,
      "count": 11
    },
    "Gender:non_binary": {
      "acc": 0.18181818181818182,
      "count": 11
    },
    "Gender:transgender": {
      "acc": 0.18181818181818182,
      "count": 11
    },
    "Gender:intersex": {
      "acc": 0.18181818181818182,
      "count": 11
    },
    "Race:caucasian": {
      "acc": 0.18181818181818182,
      "count": 11
    },
    "Race:african_american": {
      "acc": 0.18181818181818182,
      "count": 11
    },
    "Race:asian": {
      "acc": 0.18181818181818182,
      "count": 11
    },
    "Race:hispanic": {
      "acc": 0.18181818181818182,
      "count": 11
    },
    "Race:native_american": {
      "acc": 0.2727272727272727,
      "count": 11
    },
    "Race:pacific_islander": {
      "acc": 0.18181818181818182,
      "count": 11
    },
    "Race:middle_eastern": {
      "acc": 0.36363636363636365,
      "count": 11
    },
    "Race:mixed_race": {
      "acc": 0.45454545454545453,
      "count": 11
    },
    "Geographic region:east_asia": {
      "acc": 0.45454545454545453,
      "count": 11
    },
    "Geographic region:southeast_asia": {
      "acc": 0.2727272727272727,
      "count": 11
    },
    "Geographic region:south_asia": {
      "acc": 0.2727272727272727,
      "count": 11
    },
    "Geographic region:north_america": {
      "acc": 0.18181818181818182,
      "count": 11
    },
    "Geographic region:latin_america": {
      "acc": 0.36363636363636365,
      "count": 11
    },
    "Geographic region:western_europe": {
      "acc": 0.2727272727272727,
      "count": 11
    },
    "Geographic region:eastern_europe": {
      "acc": 0.2727272727272727,
      "count": 11
    },
    "Geographic region:sub_saharan_africa": {
      "acc": 0.09090909090909091,
      "count": 11
    },
    "Geographic region:middle_east": {
      "acc": 0.2727272727272727,
      "count": 11
    },
    "Geographic region:oceania": {
      "acc": 0.18181818181818182,
      "count": 11
    },
    "Urban vs. Rural:urban": {
      "acc": 0.09090909090909091,
      "count": 11
    },
    "Urban vs. Rural:suburban": {
      "acc": 0.45454545454545453,
      "count": 11
    },
    "Urban vs. Rural:rural": {
      "acc": 0.18181818181818182,
      "count": 11
    },
    "Urban vs. Rural:remote": {
      "acc": 0.18181818181818182,
      "count": 11
    },
    "Healthcare infrastructure quality:high_quality": {
      "acc": 0.2727272727272727,
      "count": 11
    },
    "Healthcare infrastructure quality:medium_quality": {
      "acc": 0.09090909090909091,
      "count": 11
    },
    "Healthcare infrastructure quality:low_quality": {
      "acc": 0.18181818181818182,
      "count": 11
    },
    "Healthcare infrastructure quality:community_clinic": {
      "acc": 0.36363636363636365,
      "count": 11
    },
    "Healthcare infrastructure quality:tertiary_hospital": {
      "acc": 0.18181818181818182,
      "count": 11
    },
    "Income level:high_income": {
      "acc": 0.2727272727272727,
      "count": 11
    },
    "Income level:upper_middle_income": {
      "acc": 0.09090909090909091,
      "count": 11
    },
    "Income level:middle_income": {
      "acc": 0.18181818181818182,
      "count": 11
    },
    "Income level:lower_middle_income": {
      "acc": 0.18181818181818182,
      "count": 11
    },
    "Income level:low_income": {
      "acc": 0.2727272727272727,
      "count": 11
    },
    "Education level:no_formal_education": {
      "acc": 0.18181818181818182,
      "count": 11
    },
    "Education level:primary": {
      "acc": 0.18181818181818182,
      "count": 11
    },
    "Education level:secondary": {
      "acc": 0.2727272727272727,
      "count": 11
    },
    "Education level:tertiary": {
      "acc": 0.2727272727272727,
      "count": 11
    },
    "Education level:postgraduate": {
      "acc": 0.18181818181818182,
      "count": 11
    },
    "Insurance type:private_insurance": {
      "acc": 0.36363636363636365,
      "count": 11
    },
    "Insurance type:public_insurance": {
      "acc": 0.18181818181818182,
      "count": 11
    },
    "Insurance type:uninsured": {
      "acc": 0.36363636363636365,
      "count": 11
    },
    "Insurance type:employer_based": {
      "acc": 0.18181818181818182,
      "count": 11
    },
    "Insurance type:government_subsidized": {
      "acc": 0.2727272727272727,
      "count": 11
    },
    "Occupation type:healthcare_worker": {
      "acc": 0.2727272727272727,
      "count": 11
    },
    "Occupation type:office_worker": {
      "acc": 0.18181818181818182,
      "count": 11
    },
    "Occupation type:manual_laborer": {
      "acc": 0.09090909090909091,
      "count": 11
    },
    "Occupation type:unemployed": {
      "acc": 0.2727272727272727,
      "count": 11
    },
    "Occupation type:retired": {
      "acc": 0.18181818181818182,
      "count": 11
    },
    "Occupation type:student": {
      "acc": 0.36363636363636365,
      "count": 11
    },
    "Cultural background:western": {
      "acc": 0.2727272727272727,
      "count": 11
    },
    "Cultural background:eastern": {
      "acc": 0.2727272727272727,
      "count": 11
    },
    "Cultural background:indigenous": {
      "acc": 0.2727272727272727,
      "count": 11
    },
    "Cultural background:african_traditional": {
      "acc": 0.18181818181818182,
      "count": 11
    },
    "Cultural background:latin_culture": {
      "acc": 0.2727272727272727,
      "count": 11
    },
    "Cultural background:multicultural": {
      "acc": 0.2727272727272727,
      "count": 11
    },
    "Religious affiliation:christian": {
      "acc": 0.36363636363636365,
      "count": 11
    },
    "Religious affiliation:muslim": {
      "acc": 0.36363636363636365,
      "count": 11
    },
    "Religious affiliation:hindu": {
      "acc": 0.36363636363636365,
      "count": 11
    },
    "Religious affiliation:buddhist": {
      "acc": 0.2727272727272727,
      "count": 11
    },
    "Religious affiliation:jewish": {
      "acc": 0.18181818181818182,
      "count": 11
    },
    "Religious affiliation:sikh": {
      "acc": 0.18181818181818182,
      "count": 11
    },
    "Religious affiliation:non_religious": {
      "acc": 0.18181818181818182,
      "count": 11
    },
    "Religious affiliation:atheist": {
      "acc": 0.45454545454545453,
      "count": 11
    },
    "Religious affiliation:agnostic": {
      "acc": 0.2727272727272727,
      "count": 11
    },
    "Language variety:standard_english": {
      "acc": 0.36363636363636365,
      "count": 11
    },
    "Language variety:african_american_vernacular": {
      "acc": 0.18181818181818182,
      "count": 11
    },
    "Language variety:indian_english": {
      "acc": 0.18181818181818182,
      "count": 11
    },
    "Language variety:british_english": {
      "acc": 0.45454545454545453,
      "count": 11
    },
    "Language variety:australian_english": {
      "acc": 0.2727272727272727,
      "count": 11
    },
    "Language variety:mandarin": {
      "acc": 0.2,
      "count": 10
    },
    "Language variety:cantonese": {
      "acc": 0.2,
      "count": 10
    },
    "Language variety:spanish": {
      "acc": 0.3,
      "count": 10
    },
    "Language variety:arabic": {
      "acc": 0.3,
      "count": 10
    },
    "Language variety:french": {
      "acc": 0.3,
      "count": 10
    },
    "Language variety:swahili": {
      "acc": 0.4,
      "count": 10
    },
    "Accent or dialect:american_accent": {
      "acc": 0.3,
      "count": 10
    },
    "Accent or dialect:british_accent": {
      "acc": 0.3,
      "count": 10
    },
    "Accent or dialect:indian_accent": {
      "acc": 0.1,
      "count": 10
    },
    "Accent or dialect:chinese_accent": {
      "acc": 0.1,
      "count": 10
    },
    "Accent or dialect:spanish_accent": {
      "acc": 0.2,
      "count": 10
    },
    "Accent or dialect:nigerian_accent": {
      "acc": 0.1,
      "count": 10
    },
    "Accent or dialect:southern_us_english": {
      "acc": 0.2,
      "count": 10
    }
  }
}